variant_id,gene,protein_change,population,reference,original_classification,clinical_db_absent
v01,APC,p.R1450*,AA,grch38,VUS,false
v02,KRAS,p.G12D,AA,grch38,VUS,false
v03,TP53,p.R175H,AA,pangenome,VUS,false
v04,PIK3CA,p.E545K,AA,grch38,VUS,false
v05,SMAD4,p.R361H,AA,grch38,VUS,false
v06,APC,p.E1309fs,GHA,pangenome,VUS,false
v07,KRAS,p.G13D,GHA,grch38,VUS,false
v08,CTNNB1,p.S45F,GHA,grch38,VUS,false
v09,RNF43,p.G659fs,GHA,pangenome,VUS,true
v10,FBXW7,p.R465C,GHA,grch38,VUS,false
v11,KRAS,p.G12V,ETH,pangenome,VUS,true
v12,TP53,p.R248Q,ETH,grch38,VUS,false
v13,APC,p.T1556fs,ETH,grch38,VUS,false
v14,PIK3CA,p.H1047R,ETH,grch38,VUS,false
v15,SMAD4,p.D351H,ETH,pangenome,VUS,false
v16,KRAS,p.A146T,NHW,grch38,VUS,false
v17,TP53,p.Y220C,NHW,grch38,VUS,false
v18,APC,p.Q1367*,NHW,grch38,VUS,false
v19,CTNNB1,p.T41A,NHW,grch38,VUS,false
v20,BRAF,p.V600E,NHW,grch38,VUS,false
